"","volume","initial_angle","basal_friction_angle","internal_friction_angle"
"1",6.715,4.0083,13.294,30.161
"2",6.0228,0.93419,11.797,23.149
"3",6.4161,6.1927,12.035,30.698
"4",6.4008,2.3945,11.657,32.876
"5",6.6161,5.3797,10.679,21.362
"6",6.7919,5.4288,12.651,22.544
"7",7.4313,6.1957,9.321,28.218
"8",6.5853,4.8612,15.109,25.649
"9",6.5721,4.4593,12.334,34.292
"10",7.1061,3.045,12.289,21.069
"11",6.9061,4.6802,13.597,18.745
"12",6.6425,5.0637,11.654,17.729
"13",6.8995,4.2415,11.549,16.763
"14",6.4359,4.1341,13.155,31.47
"15",6.181,2.6246,14.582,19.165
"16",6.8094,6.1405,13.86,16.753
"17",7.4269,2.6799,10.838,21.206
"18",6.6249,0.42491,15.066,27.495
"19",7.2137,3.2689,13.897,28.081
"20",6.9896,3.95,12.646,20.571
"21",6.9852,2.0663,11.016,15.034
"22",6.3612,2.3976,12.498,33.521
"23",6.9523,4.4225,10.453,27.534
"24",7.306,4.1954,12.478,15.835
"25",6.9457,2.959,12.521,23.735
"26",7.3851,2.1982,12.14,26.499
"27",7.2313,3.4806,10.434,16.372
"28",7.484,1.4588,9.3946,17.798
"29",7.0687,0.087437,14.574,21.782
"30",7.4686,0.81761,10.659,18.755
"31",7.4906,1.8546,13.933,32.593
"32",7.3368,6.0914,10.43,29.653
"33",7.1808,0.86363,10.08,24.487
"34",6.4996,2.0479,15.008,27.827
"35",6.1876,5.9227,16.393,30.005
"36",6.4689,3.1094,15.674,16.255
"37",7.328,1.7994,11.394,15.62
"38",6.4052,4.2997,11.155,17.925
"39",6.2579,1.1121,16.026,24.683
"40",6.1722,3.4223,12.658,33.452
"41",7.3258,5.438,11.747,25.063
"42",6.0822,4.4992,14.678,32.349
"43",6.5062,5.5852,15.444,24.282
"44",6.2448,5.3244,12.335,20.054
"45",7.2599,5.8,11.229,16.948
"46",7.4445,4.5114,13.039,21.597
"47",6.0316,3.8426,14.955,34.077
"48",6.6139,1.376,14.252,34.868
"49",7.0116,0.60592,14.687,31.401
"50",6.5018,0.15493,11.209,33.354
"51",7.462,2.8271,11.111,25.737
"52",7.2994,3.6095,11.413,22.866
"53",7.3632,4.4347,11.601,25.786
"54",7.4137,3.1278,10.543,23.11
"55",7.4159,1.7104,12.302,24.458
"56",7.2885,4.2721,12.626,26.274
"57",7.495,2.6216,11.803,28.169
"58",7.3939,3.2382,11.606,28.931
"59",7.2665,2.2534,12.411,21.284
"60",7.4071,4.4133,11,21.909
"61",7.3346,2.0356,11.017,29.79
"62",7.2555,1.2164,11.604,23.374
"63",7.3676,5.9043,11.883,25.64
"64",7.3588,0.63967,12.007,22.837
"65",7.4467,4.7845,12.659,26.04
"66",7.4005,1.465,12.37,23.677
"67",7.4752,6.1589,10.595,25.415
"68",7.4401,0.12118,10.679,23.491
"69",7.2709,5.0821,11.389,21.821
"70",7.4093,1.3208,11.789,20.503
"71",7.4576,6.0853,12.015,21.382
"72",7.3544,0.069029,12.213,29.956
"73",7.2797,4.898,13.123,27.72
"74",7.4774,1.1827,10.633,29.722
"75",7.3016,5.6497,11.004,27.69
"76",7.3829,0.45866,10.743,20.317
"77",7.3785,2.7842,13.542,26.108
"78",7.3741,3.8334,13.25,23.159
"79",7.4027,3.9623,10.059,24.858
"80",7.3478,1.9804,13.068,23.276
"81",7.295,2.7075,13.929,25.229
"82",7.361,3.1523,13.787,22.905
"83",7.4423,4.2752,13.836,25.815
"84",7.4049,1.5969,13.619,22.603
"85",7.3038,3.1462,13.148,28.472
"86",7.3456,4.1648,10.481,29.604
"87",7.2863,3.0143,9.9979,21.919
"88",7.2753,3.8702,9.5987,28.833
"89",7.4862,2.3148,9.1219,28.521
"90",7.4291,4.1709,9.4521,20.601
"91",7.3566,5.4686,13.08,24.019
"92",7.2643,4.9348,10.425,26.978
"93",7.317,0.001534,10.267,25.493
"94",7.3192,5.4196,13.815,25.513
"95",7.2906,1.4619,9.6234,26.343
"96",7.3698,0.61206,13.959,25.054
"97",7.3983,5.5637,9.7763,26.567
"98",7.2621,4.8735,13.293,29.233
"99",7.473,0.45559,10.004,22.046
"100",7.4181,1.4557,13.95,22.036
"101",7.4708,4.9011,9.4952,20.864
"102",7.2731,0.21016,9.7152,20.015
"103",7.3412,3.6555,11.747,17.759
"104",7.2841,1.738,12.124,30.894
"105",7.3807,4.2138,11.47,32.427
"106",7.3302,3.1493,12.73,18.989
"107",7.4247,2.778,10.596,17.769
"108",7.3214,4.5943,11.155,18.862
"109",7.4796,2.597,11.605,16.44
"110",7.339,2.3117,11.844,32.935
"111",7.3873,4.4163,10.82,32.681
"112",7.3324,5.2385,11.908,31.079
"113",7.2972,1.2901,11.781,31.548
"114",7.4972,5.7233,12.033,19.644
"115",7.35,0.30526,11.662,18.032
"116",7.2511,4.7323,11.119,31.675
"117",7.3148,5.6343,12.664,30.562
"118",7.3082,0.062893,11.172,31.704
"119",7.3961,1.0201,11.182,32.749
"120",7.4489,1.4373,11.768,15.171
"121",7.4203,5.9012,11.488,33.345
"122",7.2819,6.2326,12.404,15.288
"123",7.4532,1.4067,10.407,16.87
"124",7.3895,4.9287,12.576,16.05
"125",7.2533,5.7908,12.792,34.194
"126",7.3522,3.7782,10.474,18.149
"127",7.4379,1.8791,13.076,30.327
"128",7.3654,4.1801,10.21,31.792
"129",7.3719,2.4989,13.762,30.747
"130",7.3236,3.7322,13.831,17.632
"131",7.3104,4.5084,9.8057,19.614
"132",7.4598,2.0816,9.3964,32.388
"133",7.2687,2.8026,13.461,33.628
"134",7.3917,3.7506,9.8498,34.8
"135",7.4335,2.3393,9.9833,32.974
"136",7.2775,3.2229,9.6849,17.339
"137",7.4642,3.5358,14.034,34.243
"138",7.4554,4.2599,9.4291,33.813
"139",7.4357,5.3429,13.124,30.854
"140",7.3763,1.152,13.36,18.647
"141",7.451,0.38503,13.439,30.239
"142",7.4225,5.7448,9.7941,31.587
"143",7.3434,5.4134,9.8167,30.923
"144",7.4664,6.027,13.512,30.688
"145",7.4884,5.6773,9.2081,18.599
"146",7.4928,0.83295,12.925,32.524
"147",7.3126,5.0729,10.517,34.995
"148",7.2928,0.21322,10.093,32.651
"149",7.2577,5.7601,10.511,15.942
"150",7.4994,1.1275,9.18,16.538
"151",7.4818,1.4956,13.513,34.116
"152",7.4115,6.0638,9.7172,16.304
"153",6.9215,3.815,12.333,25.298
"154",7.038,3.4561,12.784,24.263
"155",7.2006,2.6737,12.482,27.134
"156",6.5414,3.3763,13.151,24.751
"157",6.3436,3.8948,14.035,26.245
"158",6.6029,2.821,13.025,27.29
"159",6.2513,2.7228,14.237,23.647
"160",7.1368,1.8484,12.294,24.214
"161",6.8512,2.3424,12.231,25.61
"162",6.8292,4.536,12.788,27.3
"163",7.1149,4.085,11.755,23.501
"164",6.6293,2.2933,13.161,25.796
"165",6.326,1.9558,13.072,24.761
"166",6.5348,4.6771,13.574,22.642
"167",6.2975,4.174,13.17,26.587
"168",6.9281,2.64,13.241,24.907
"169",6.9962,2.8302,11.2,26.089
"170",6.9391,3.7199,11.616,23.53
"171",7.0863,3.1554,13.352,26.89
"172",6.3041,3.6831,14.642,24.399
"173",6.5392,3.0756,12.057,24.067
"174",6.3348,2.6308,14.582,27.388
"175",6.5106,3.4653,12.245,26.294
"176",7.0841,4.5728,11.593,25.542
"177",6.849,2.1368,13.905,26.196
"178",7.2115,2.011,11.269,23.726
"179",6.8666,4.4685,13.64,23.101
"180",6.6578,4.1126,13.71,25.22
"181",6.2689,4.6157,12.621,23.931
"182",6.4952,1.919,12.501,26.685
"183",6.2162,2.0847,15.123,22.759
"184",6.7567,3.0634,12.757,28.013
"185",7.005,3.6616,12.092,21.831
"186",6.7172,3.7414,13.561,29.78
"187",6.2228,2.732,13.944,28.276
"188",6.4271,3.1646,13.921,21.929
"189",6.526,3.7076,13.266,28.804
"190",6.2909,3.002,13.178,20.542
"191",6.7523,1.7073,12.674,21.938
"192",7.2335,4.0298,11.484,28.716
"193",6.9237,1.6122,13.068,28.979
"194",6.2491,4.0206,14.126,28.159
"195",6.4095,1.6705,14.074,22.056
"196",6.1327,4.1893,13.887,20.942
"197",6.4073,1.9436,13.026,29.575
"198",6.9808,3.3732,11.637,22.017
"199",6.7677,2.3639,13.8,21.489
"200",7.0731,3.6033,13.057,28.794
"201",6.871,3.1247,11.671,29.526
"202",6.2799,3.1155,13.067,22.397
"203",6.4711,3.6708,14.571,21.812
"204",6.3568,3.2168,12.882,29.116
"205",6.6512,2.4835,14.323,29.419
"206",7.0929,1.8699,12.895,28.091
"207",6.816,4.2844,11.556,28.608
"208",7.1654,4.2476,12.878,20.21
"209",6.8226,1.7288,11.682,21.001
"210",6.236,1.5815,13.064,27.905
"211",6.548,4.1433,14.257,28.55
"212",6.337,1.8853,14.487,20.737
"213",6.4535,4.039,12.438,20.298
"214",6.0646,2.9376,14.966,25.386
"215",6.0206,4.6434,15.058,25.044
"216",6.0514,4.1218,13.44,22.632
"217",6.0624,2.7811,14.13,29.995
"218",6.0558,2.4344,13.456,29.487
"219",7.1742,0.84522,12.148,24.937
"220",6.9369,1.2287,12.118,25.962
"221",7.2445,5.0667,12.291,26.626
"222",6.3766,1.3637,13.892,26.03
"223",6.5194,5.3827,12.883,25.464
"224",6.4865,5.1128,13.394,22.739
"225",6.1832,1.5079,13.379,23.296
"226",7.1324,0.37889,12.012,24.36
"227",6.8622,5.8613,13.077,24.731
"228",7.1412,5.6435,11.888,27.163
"229",6.9017,0.39117,13.222,26.743
"230",6.6447,5.711,13.193,25.151
"231",6.1964,6.1651,13.347,23.862
"232",6.4623,0.66115,13.135,27.085
"233",6.1261,0.019942,14.495,23.325
"234",6.7018,1.0078,13.854,25.522
"235",7.0533,1.4987,11.236,23.96
"236",7.0995,4.8182,11.525,26.323
"237",6.7194,5.4472,14.092,22.788
"238",6.4139,4.8428,12.762,24.692
"239",6.1503,5.441,15.077,26.167
"240",6.37,1.0508,12.679,26.831
"241",6.6183,1.4926,14.268,23.013
"242",7.0248,0.12425,13.3,24.585
"243",6.693,0.43105,12.042,25.874
"244",7.0599,6.162,13.216,26.509
"245",6.9149,5.8859,11.591,22.778
"246",6.5568,5.9963,14.113,24.927
"247",6.2074,5.757,12.784,26.079
"248",6.1459,0.36969,13.303,23.179
"249",6.6271,0.58138,14.222,27.114
"250",6.7479,0.98942,12.744,22.114
"251",7.2291,1.2011,12.506,28.179
"252",7.0907,4.9624,12.106,29.497
"253",6.8578,5.1158,13.176,20.845
"254",6.1437,5.0514,13.739,21.372
"255",6.6007,5.306,13.696,27.847
"256",6.192,1.5693,13.643,29.507
"257",6.6469,0.89431,13.46,21.157
"258",6.7655,0.55684,13.082,21.88
"259",7.0424,0.19788,11.88,28.618
"260",6.6886,5.5177,13.21,29.175
"261",7.1456,6.2142,11.682,20.044
"262",6.5084,6.0393,13.631,21.899
"263",6.1635,5.8429,13.502,28.726
"264",6.515,0.24697,13.384,29.087
"265",6.2777,0.75012,13.435,20.142
"266",6.8842,0.8575,13.431,28.54
"267",7.2203,1.3852,10.772,22.28
"268",7.0226,5.1005,13.262,20.278
"269",6.8776,5.3766,11.686,29.009
"270",6.1744,5.1803,14.79,27.866
"271",6.4293,4.8949,12.25,21.265
"272",6.5128,1.149,12.488,29.731
"273",6.2426,1.1919,14.944,20.64
"274",7.1984,0.63353,12.891,22.31
"275",6.7435,0.26845,11.666,28.335
"276",6.7897,6.1344,12.162,20.649
"277",7.1171,5.8245,13.152,29.683
"278",6.4249,5.5515,12.868,27.622
"279",6.1656,6.1743,14.994,21.343
"280",6.5238,0.77159,12.54,20.61
"281",6.2382,0.27765,14.977,29.214
"282",6.0734,5.3459,14.575,27.31
"283",6.1129,6.1221,14.215,24.233
"284",6.0887,4.8397,14.773,26.919
"285",6.0778,0.28072,15.336,26.548
"286",6.036,5.5423,15.427,27.935
"287",6.8424,3.9009,14.057,25.103
"288",7.1215,3.499,10.353,23.892
"289",7.1259,2.4498,10.645,26.841
"290",6.9655,3.0419,14.274,22.944
"291",6.3854,3.904,15.038,24.429
"292",6.4513,3.183,11.703,26.021
"293",6.2557,2.643,15.307,27.427
"294",6.5809,3.1124,11.421,23.481
"295",6.86,1.8178,11.387,24.087
"296",7.0973,2.3209,13.836,25.142
"297",7.1522,4.3028,10.827,26.724
"298",6.9479,4.6894,14.187,23.071
"299",6.5304,2.0571,14.583,24.409
"300",6.3414,1.827,11.889,25.688
"301",6.225,4.4071,12.538,23.032
"302",6.6534,4.0942,14.71,26.606
"303",7.205,3.5757,9.966,24.771
"304",6.704,3.0388,15.349,23.784
"305",7.139,3.1309,10.108,27.095
"306",6.827,3.7107,14.98,26.45
"307",6.3524,2.7535,15.779,25.278
"308",6.4974,3.8058,11.154,25.991
"309",6.5919,2.9038,11.281,22.896
"310",6.2404,3.6739,16.086,23.208
"311",6.7765,4.6679,14.782,24.565
"312",7.0577,2.008,10.059,24.185
"313",7.0951,4.6863,10.276,27.397
"314",6.9039,2.1,15.003,26.812
"315",6.6403,4.2077,15.052,25.952
"316",6.2118,1.7625,11.513,25.347
"317",6.4205,1.7411,15.457,23.228
"318",6.348,4.2568,11.424,22.954
"319",7.1962,3.137,10.747,21.528
"320",6.8864,3.7935,10.956,27.671
"321",6.983,2.5265,13.769,29.272
"322",6.9105,3.4714,14.192,20.454
"323",6.5458,3.318,11.983,22.3
"324",6.2601,2.5142,15.516,21.499
"325",6.6776,3.4438,14.354,29.448
"326",6.3304,2.6891,12.066,28.813
"327",7.0555,1.7717,10.856,28.403
"328",6.7501,4.2875,14.705,27.505
"329",7.1544,2.1184,13.414,20.396
"330",6.9259,4.5329,10.896,21.099
"331",6.2953,4.3304,15.14,21.655
"332",6.671,4.6096,11.661,28.784
"333",6.17,2.0049,12.305,20.229
"334",6.9193,3.8518,10.201,21.616
"335",6.9611,3.0112,10.478,29.692
"336",7.2247,2.413,14.296,21.167
"337",6.4337,2.6676,11.592,21.411
"338",6.1393,2.9192,16.301,28.022
"339",6.6732,3.7046,15.158,20.522
"340",6.3217,3.2137,11.369,28.96
"341",7.0138,3.9684,14.773,21.479
"342",7.0709,2.1123,14.443,29.399
"343",6.8358,1.6368,10.246,20.933
"344",6.1349,2.054,16.005,21.948
"345",6.5656,1.7135,10.911,28.247
"346",6.1283,4.22,11.967,20.806
"347",6.4117,4.674,16.011,29.624
"348",6.0909,3.3088,15.629,24.106
"349",6.1085,2.459,15.849,26.284
"350",6.0031,4.0697,16.01,25.747
"351",6.0404,2.6768,12.213,25.21
"352",6.0953,3.3272,11.648,22.72
"353",6.0448,4.7047,16.409,23.989
"354",6.047,3.3702,15.878,20.62
"355",6.0931,1.6214,12.368,29.712
"356",6.0184,2.3853,11.859,20.981
"357",7.1434,0.81454,10.815,25.981
"358",6.9303,4.7599,10.864,24.976
"359",7.2357,1.3484,13.47,23.022
"360",6.9413,5.1864,14.383,26.411
"361",6.1481,4.9225,12.469,25.015
"362",6.493,0.98635,11.712,24.097
"363",6.3634,0.96487,15.084,26.401
"364",6.6117,4.7722,14.972,22.563
"365",7.183,6.2817,13.628,24.507
"366",6.7281,0.67649,14.556,26.157
"367",6.9347,0.2255,11.221,22.856
"368",6.9786,5.5883,10.823,26.802
"369",6.6381,5.9657,14.538,25.366
"370",6.2184,0.70103,15.693,24.077
"371",6.2931,6.1681,12.327,22.964
"372",6.5436,0.68876,11.477,26.431
"373",6.9589,1.4803,14.76,25.698
"374",6.9501,5.4441,10.626,27.378
"375",7.2094,4.8213,14.272,23.657
"376",6.4886,5.3643,11.315,22.671
"377",6.1788,1.5662,11.524,26.528
"378",6.9171,0.24083,10.61,26.06
"379",7.1302,5.6711,9.9363,24.946
"380",7.1017,0.71944,14.119,23.433
"381",6.7325,5.9319,15.234,27.271
"382",6.3129,5.9749,11.452,25.327
"383",6.3195,0.20095,11.415,23.403
"384",6.9764,0.91579,13.855,27.808
"385",6.8732,4.8673,11.062,28.354
"386",7.2379,1.4097,10.602,20.767
"387",6.7875,5.1925,14.6,20.532
"388",6.2338,0.93113,12.353,27.837
"389",6.4733,1.1796,15.282,21.743
"390",6.4579,4.9532,15.228,28.94
"391",7.027,5.8276,13.891,27.954
"392",6.9545,6.1129,10.698,21.772
"393",7.1632,0.19175,13.465,20.347
"394",6.7347,0.50468,11.123,29.048
"395",6.5831,5.5668,14.62,22.456
"396",6.1305,0.35435,12.48,21.626
"397",6.2008,5.5576,12.623,29.937
"398",6.4381,0.34208,15.153,29.038
"399",6.8314,5.4011,14.683,21.431
"400",7.0819,4.8274,9.9446,27.964
"401",7.0292,1.3821,14.4,29.136
"402",6.8248,1.0815,10.494,20.181
"403",6.1678,4.9256,15.969,27.651
"404",6.2535,1.2134,15.744,21.108
"405",6.5326,0.81148,10.893,29.897
"406",6.8468,0.53536,10.692,28.003
"407",6.882,5.6987,10.559,20.903
"408",7.2269,6.073,14.18,29.985
"409",6.2623,0.29606,11.696,22.319
"410",6.4755,0.47093,15.722,28.237
"411",6.2645,6.0669,11.668,28.95
"412",6.5765,5.5085,15.546,20.405
"413",6.0602,0.92192,16.285,25.562
"414",6.0294,0.54763,16.719,24.604
"415",6.0975,4.7937,15.665,27.661
"416",6.069,0.51695,12.294,20.835
"417",6.994,3.591,12.318,30.083
"418",6.8029,2.8885,12.437,19.292
"419",7.1588,2.6277,12.148,32.241
"420",6.8798,3.4898,13.024,18.315
"421",6.6359,2.9897,12.887,30.19
"422",6.3282,3.3057,13.784,31.87
"423",6.6205,3.9255,12.816,17.993
"424",7.2159,4.5452,11.771,19.106
"425",7.1193,2.0693,12.425,17.573
"426",6.7941,1.5999,12.268,31.519
"427",6.3788,4.401,13.617,18.911
"428",6.4469,2.0724,14.031,30.093
"429",6.2887,1.5846,13.609,18.11
"430",7.1698,3.1339,11.165,31.011
"431",6.9567,2.5878,13.558,19.517
"432",6.8007,3.6493,12.039,18.286
"433",7.0753,3.5051,13.299,32.231
"434",6.6688,3.588,13.97,18.872
"435",6.3239,3.0081,12.644,19.829
"436",6.2711,3.6923,13.037,32.251
"437",6.6842,2.8486,14.041,31.694
"438",7.1786,1.6889,12.74,31.138
"439",6.7303,4.1402,11.781,30.151
"440",6.9742,2.3178,11.823,17.876
"441",6.6337,3.9316,13.79,30.972
"442",6.3876,4.6587,12.341,19.878
"443",6.6754,2.1951,13.777,18.267
"444",6.1525,1.6521,13.061,32.339
"445",7.0204,3.6862,12.29,33.56
"446",6.8073,2.9683,13.147,32.554
"447",6.8973,3.4162,12.894,15.112
"448",6.9918,2.5387,11.812,16.235
"449",6.559,3.5696,13.291,33.608
"450",6.2821,2.8425,14.376,16.909
"451",6.2206,2.594,13.858,34.604
"452",6.4491,3.3211,13.047,16.099
"453",7.161,3.9715,12.051,17.065
"454",6.7128,1.6276,12.537,33.667
"455",6.8951,2.1583,12.783,16.118
"456",7.172,4.4838,12.501,34.38
"457",6.2272,2.2074,13.85,16.851
"458",6.5546,4.3857,13.59,17.183
"459",6.649,1.9159,13.209,33.774
"460",6.1898,4.0635,13.54,34.438
"461",6.6952,3.4039,13.793,16.558
"462",6.9698,3.5542,11.338,32.925
"463",6.8116,3.048,13.688,34.341
"464",6.972,2.4559,11.31,15.444
"465",6.4227,3.4315,14.318,32.534
"466",6.3458,3.3303,12.871,15.864
"467",6.5502,2.6523,14.277,15.181
"468",7.1127,1.8669,13.075,17.319
"469",7.194,2.0877,11.417,34.165
"470",6.7391,4.5605,13.942,34.81
"471",6.5282,2.1062,12.544,16.997
"472",6.3063,1.6582,14.765,33.218
"473",6.381,4.2629,14.726,15.083
"474",6.0492,3.8672,13.024,30.063
"475",6.1195,2.7872,15.001,31.626
"476",6.0052,2.1829,13.313,30.054
"477",6.0162,2.2105,15.264,17.837
"478",6.0712,4.7078,14.123,33.472
"479",6.1019,4.5022,13.179,34.985
"480",7.1676,1.0446,11.987,18.921
"481",6.8182,1.2839,13.158,30.073
"482",7.2028,4.9931,12.114,18.452
"483",6.7106,5.2876,12.653,32.485
"484",6.403,0.88511,13.635,19.556
"485",6.5634,4.806,13.583,30.659
"486",6.4601,1.1735,13.18,32.222
"487",6.3151,4.8336,13.374,18.491
"488",6.9325,6.0178,12.241,19.331
"489",7.0028,0.5599,11.862,30.356
"490",7.15,5.9779,12.233,31.968
"491",6.7216,0.61819,13.331,18.394
"492",6.2316,5.5269,13.788,30.981
"493",6.4447,6.2356,13.908,19.976
"494",6.6556,0.73478,13.179,32.212
"495",6.2755,0.10584,13.246,18.677
"496",7.0314,5.4656,13.236,31.245
"497",6.8336,4.9471,11.62,19.751
"498",7.2489,1.5509,12.776,18.325
"499",6.9127,0.90965,11.636,32.085
"500",6.1569,4.763,13.28,30.288
"501",6.6666,5.1281,14.194,19.321
"502",6.2865,1.3514,14.444,31.304
"503",6.5216,0.92499,12.117,18.042
"504",7.1852,0.64887,11.231,19.438
"505",6.726,0.34515,14.062,31.226
"506",7.1918,6.2203,12.723,18.296
"507",6.8885,5.8828,11.384,32.261
"508",6.203,0.22856,13.083,30.62
"509",6.4799,0.58751,14.488,18.882
"510",6.4315,5.9472,12.756,17.583
"511",6.3744,5.8399,14.649,31.538
"512",6.6908,1.2778,12.779,16.694
"513",7.1039,5.2631,12.713,17.251
"514",7.0511,4.8458,12.127,34.829
"515",6.7062,1.1244,13.301,33.872
"516",6.2997,1.2072,13.515,32.769
"517",6.5743,5.2201,13.716,33.286
"518",6.4183,5.2662,13.325,15.483
"519",6.2052,1.5631,14.238,16.011
"520",7.0797,0.38196,12.407,16.655
"521",6.8754,5.8061,12.264,17.173
"522",6.7084,5.8675,13.077,34.321
"523",7.2181,0.050621,11.491,34.712
"524",6.1547,0.18561,14.036,32.72
"525",6.4908,5.5699,12.925,33.54
"526",6.5524,6.1252,13.443,16.001
"527",6.2096,0.4648,13.434,15.21
"528",6.7545,5.4963,11.955,17.007
"529",7.0468,4.8765,13.488,33.13
"530",7.1105,1.3545,11.319,33.95
"531",6.7985,0.79614,13.876,15.405
"532",6.3326,4.9103,12.892,33.618
"533",6.6095,1.014,12.127,16.88
"534",6.2469,5.3551,14.638,15.747
"535",7.2401,0.4832,12.666,33.052
"536",7.2467,0.49241,11.103,15.806
"537",6.9633,6.2448,11.26,34.624
"538",6.1415,0.68262,14.798,16.284
"539",6.6227,0.13652,12.097,33.062
"540",6.66,5.5791,13.977,34.839
"541",6.1591,6.116,13,15.894
"542",6.1217,1.0784,13.681,19.194
"543",6.1151,5.1956,13.542,31.948
"544",6.1107,0.22243,14.346,18.022
"545",6.08,5.1465,13.342,30.229
"546",6.0382,4.9041,14.342,15.347
"547",6.0096,0.53229,14.022,33.208
"548",6.025,1.2655,15.416,33.032
"549",6.9984,3.3487,10.879,31.03
"550",6.8556,3.8119,14.388,19.536
"551",7.1478,2.505,13.421,31.851
"552",6.8204,2.8149,11.181,17.817
"553",6.3173,3.5788,15.208,30.815
"554",6.5985,3.0971,14.989,19.565
"555",6.214,2.4007,12.591,32.065
"556",6.6622,3.1983,11.382,18.667
"557",7.0621,4.4041,10.819,19.673
"558",6.8688,2.2688,11.009,30.718
"559",7.1346,2.1031,13.685,18.208
"560",6.7831,4.4746,14.67,32.104
"561",6.3392,1.965,12.41,19.243
"562",6.5787,1.7165,14.826,30.337
"563",6.3546,4.1678,14.981,18.56
"564",6.5677,4.539,11.624,32.446
"565",7.1281,3.7843,10.133,19.253
"566",6.7611,3.3364,15.224,30.132
"567",7.1764,2.551,10.064,32.368
"568",6.8929,2.8087,14.867,18.687
"569",6.5897,2.7658,11.265,19.224
"570",6.3898,3.6371,15.891,19.966
"571",6.6051,3.4008,11.175,31.421
"572",6.3678,2.4037,15.928,32.476
"573",7.1896,1.7748,14.089,30.386
"574",6.838,4.0328,10.308,31.177
"575",7.0402,4.2016,14.499,17.612
"576",6.8644,1.8945,10.326,18.706
"577",6.3502,1.695,15.825,19.585
"578",6.682,2.0018,10.813,30.874
"579",6.6798,4.4501,15.072,31.558
"580",6.7743,2.5479,11.075,32.847
"581",6.8138,3.5082,14.245,33.853
"582",7.1083,2.5326,14.045,15.2
"583",6.6644,2.5663,11.491,17.485
"584",6.2843,3.3916,15.165,15.503
"585",6.5172,2.7382,15.07,34.155
"586",6.7809,1.6552,14.163,33.423
"587",7.0665,3.9439,13.912,17.026
"588",6.7853,4.3366,11.006,34.224
"589",6.4557,2.281,14.827,16.616
"590",6.1613,4.5851,15.874,33.081
"591",6.4425,1.8362,11.917,34.331
"592",6.3722,4.1525,11.804,15.356
"593",6.6996,3.7659,10.994,33.267
"594",7.2225,3.0603,14.21,32.661
"595",6.7963,3.2873,14.945,15.337
"596",7.0358,2.7474,9.8609,15.757
"597",6.5875,3.6217,11.228,15.532
"598",6.1371,3.3027,16.433,34.233
"599",6.8051,4.3059,14.821,33.14
"600",7.0094,4.4286,9.962,17.407
"601",7.0446,2.0233,14.466,16.187
"602",6.6974,1.873,10.566,34.448
"603",6.1766,2.2043,11.88,17.31
"604",6.6315,4.4439,15.606,16.665
"605",6.4645,1.9006,15.579,34.546
"606",6.392,4.0973,11.136,34.272
"607",6.0118,3.4192,12.905,19.214
"608",6.0844,3.0327,12.648,31.343
"609",6.0074,4.3335,12.888,30.64
"610",6.0756,2.0387,15.858,32.134
"611",6.0865,2.7013,16.147,31.274
"612",6.058,1.5723,12.004,30.493
"613",6.1063,4.3734,16.31,31.372
"614",6.1041,2.7719,12.344,33.179
"615",6.0426,3.6677,15.595,33.921
"616",6.0997,2.2994,12.673,16.167
"617",6.1239,3.1615,11.999,33.325
"618",6.0536,3.0235,12.301,16.138
"619",6.0668,4.6495,12.269,16.704
"620",7.0643,0.94033,10.771,19.146
"621",6.7787,1.2993,14.685,30.259
"622",6.7721,5.033,14.246,17.71
"623",7.1237,5.1312,10.535,31.353
"624",6.4777,1.2962,14.937,19.888
"625",6.3832,0.96794,11.712,31.235
"626",6.2733,5.4318,15.653,31.567
"627",6.7457,5.5607,14.191,30.796
"628",7.049,5.8982,10.456,19.761
"629",6.8402,0.035282,11.197,32.358
"630",7.0775,0.53843,14.101,18.413
"631",6.1942,5.576,15.695,19.487
"632",6.3656,0.28379,14.929,32.407
"633",6.5699,0.4065,11.515,18.14
"634",7.1566,0.86977,14.078,19.077
"635",6.7369,1.2533,10.602,30.366
"636",7.016,4.8244,14.5,32.202
"637",6.9083,5.3091,10.253,18.364
"638",6.2667,0.96181,15.726,30.2
"639",6.5612,5.079,10.973,31.147
"640",6.3964,5.4073,15.674,18.198
"641",6.4403,1.3453,11.05,17.856
"642",7.0336,0.25617,10.383,19.312
"643",6.8446,5.7969,15.188,19.409
"644",6.7633,6.2234,10.935,32.437
"645",6.4843,5.6619,11.426,19.37
"646",6.3085,0.76852,11.594,32.026
"647",6.5941,0.084369,15.608,18.423
"648",7.0072,5.4502,10.97,17.476
"649",6.7699,4.9716,14.614,33.579
"650",7.1874,1.2103,13.378,15.005
"651",6.8907,0.94953,10.845,34.37
"652",6.4821,1.2379,11.894,16.313
"653",6.1986,0.98021,15.662,32.632
"654",6.6864,5.4778,14.464,15.825
"655",6.2294,4.7814,12.164,34.956
"656",6.7589,5.6159,11.593,33.638
"657",7.2072,6.07,13.802,17.349
"658",7.2423,0.52309,13.384,34.058
"659",6.9677,0.37276,10.717,15.425
"660",6.4667,0.59672,12.018,33.364
"661",6.359,0.11198,15.271,17.202
"662",6.537,5.6036,14.627,33.823
"663",6.1854,6.0792,12.237,15.386
"664",6.9435,1.2349,14.515,17.417
"665",7.0006,5.1557,14.715,33.462
"666",7.0182,4.7876,10.382,15.884
"667",6.7238,0.91272,10.448,34.419
"668",6.3942,4.944,11.496,32.983
"669",6.6073,0.79307,10.971,16.489
"670",6.3019,5.1741,15.765,16.206
"671",6.504,1.5539,15.6,34.526
"672",7.0885,0.21936,14.178,33.696
"673",6.8534,5.6374,15.154,16.958
"674",6.7413,0.7808,10.981,15.972
"675",6.9874,6.2295,9.9572,34.878
"676",6.3986,5.6282,11.197,17.192
"677",6.5963,6.0117,15.086,34.741
"678",6.3107,0.63047,15.946,15.854
"679",6.014,4.7231,15.984,32.095
"680",6.1173,1.0477,16.416,30.942
"681",6.0009,5.4042,12.095,31.841
"682",6.0272,5.8736,11.813,18.276
"683",6.0338,5.2263,15.524,32.759
